SampleID,Condition,Factor,Replicate,Side,bamReads,Peaks,PeakCaller
X27E11,Day10,M,1,R,bam_files/01_27E11_TAAGGCGA-GCGTAAGA_L00M_MTdups_removed_mapped.bam,macs2_ShiftExtend/01_27E11_TAAGGCGA-GCGTAAGA_L00M_peaks.narrowPeak,narrow
X27E10,Day10,F,1,L,bam_files/02_27E10_TAAGGCGA-CTCTCTAT_L00M_MTdups_removed_mapped.bam,macs2_ShiftExtend/02_27E10_TAAGGCGA-CTCTCTAT_L00M_peaks.narrowPeak,narrow
X30E5,Day0,M,1,L,bam_files/03_30E5_TAAGGCGA-TATCCTCT_L00M_MTdups_removed_mapped.bam,macs2_ShiftExtend/03_30E5_TAAGGCGA-TATCCTCT_L00M_peaks.narrowPeak,narrow
X30E8,Day0,F,1,R,bam_files/04_30E8_CGTACTAG-GCGTAAGA_L00M_MTdups_removed_mapped.bam,macs2_ShiftExtend/04_30E8_CGTACTAG-GCGTAAGA_L00M_peaks.narrowPeak,narrow
X35E8,Day10,M,2,R,bam_files/05_35E8_CGTACTAG-CTCTCTAT_L00M_MTdups_removed_mapped.bam,macs2_ShiftExtend/05_35E8_CGTACTAG-CTCTCTAT_L00M_peaks.narrowPeak,narrow
X35E1,Day10,F,2,L,bam_files/06_35E1_CGTACTAG-TATCCTCT_L00M_MTdups_removed_mapped.bam,macs2_ShiftExtend/06_35E1_CGTACTAG-TATCCTCT_L00M_peaks.narrowPeak,narrow
X32E1,Day0,M,2,R,bam_files/07_32E1_AGGCAGAA-GCGTAAGA_L00M_MTdups_removed_mapped.bam,macs2_ShiftExtend/07_32E1_AGGCAGAA-GCGTAAGA_L00M_peaks.narrowPeak,narrow
X32E8,Day0,F,2,R,bam_files/08_32E8_AGGCAGAA-CTCTCTAT_L00M_MTdups_removed_mapped.bam,macs2_ShiftExtend/08_32E8_AGGCAGAA-CTCTCTAT_L00M_peaks.narrowPeak,narrow
X26E3,Day10,M,3,L,bam_files/09_26E3_AGGCAGAA-TATCCTCT_L00M_MTdups_removed_mapped.bam,macs2_ShiftExtend/09_26E3_AGGCAGAA-TATCCTCT_L00M_peaks.narrowPeak,narrow
X26E7,Day10,F,3,R,bam_files/10_26E7_TCCTGAGC-GCGTAAGA_L00M_MTdups_removed_mapped.bam,macs2_ShiftExtend/10_26E7_TCCTGAGC-GCGTAAGA_L00M_peaks.narrowPeak,narrow
X11E7,Day0,M,3,L,bam_files/11_11E7_GGACTCCT-AGAGTAGA_L00M_MTdups_removed_mapped.bam,macs2_ShiftExtend/11_11E7_GGACTCCT-AGAGTAGA_L00M_peaks.narrowPeak,narrow
X11E8,Day0,F,3,R,bam_files/12_11E8_GGACTCCT-GTAAGGAG_L00M_MTdups_removed_mapped.bam,macs2_ShiftExtend/12_11E8_GGACTCCT-GTAAGGAG_L00M_peaks.narrowPeak,narrow
X07E3,Day10,M,4,L,bam_files/13B_07E3_TCCTGAGC-GTAAGGAG_L00M_MTdups_removed_mapped.bam,macs2_ShiftExtend/13B_07E3_TCCTGAGC-GTAAGGAG_L00M_peaks.narrowPeak,narrow
X07E5,Day10,F,4,L,bam_files/14_07E5_TAGGCATG-AGAGTAGA_L00M_MTdups_removed_mapped.bam,macs2_ShiftExtend/14_07E5_TAGGCATG-AGAGTAGA_L00M_peaks.narrowPeak,narrow
X04E4,Day0,M,8,L,bam_files/16_04E4_TAGGCATG-ACTGCATA_L00M_MTdups_removed_mapped.bam,macs2_ShiftExtend/16_04E4_TAGGCATG-ACTGCATA_L00M_peaks.narrowPeak,narrow
X25E4,Day0,M,4,R,bam_files/17_25E4_CTCTCTAC-AGAGTAGA_L00M_MTdups_removed_mapped.bam,macs2_ShiftExtend/17_25E4_CTCTCTAC-AGAGTAGA_L00M_peaks.narrowPeak,narrow
X25E2,Day0,F,4,R,bam_files/18_25E2_CTCTCTAC-GTAAGGAG_L00M_MTdups_removed_mapped.bam,macs2_ShiftExtend/18_25E2_CTCTCTAC-GTAAGGAG_L00M_peaks.narrowPeak,narrow
X22E5,Day0,M,5,R,bam_files/19_22E5_CTCTCTAC-ACTGCATA_L00M_MTdups_removed_mapped.bam,macs2_ShiftExtend/19_22E5_CTCTCTAC-ACTGCATA_L00M_peaks.narrowPeak,narrow
X22E2,Day0,F,5,L,bam_files/20_22E2_CAGAGAGG-AGAGTAGA_L00M_MTdups_removed_mapped.bam,macs2_ShiftExtend/20_22E2_CAGAGAGG-AGAGTAGA_L00M_peaks.narrowPeak,narrow
X19E1,Day10,M,5,L,bam_files/21_19E1_CAGAGAGG-GTAAGGAG_L00M_MTdups_removed_mapped.bam,macs2_ShiftExtend/21_19E1_CAGAGAGG-GTAAGGAG_L00M_peaks.narrowPeak,narrow
X19E8,Day10,F,5,L,bam_files/22_19E8_GCTACGCT-AAGGAGTA_L00M_MTdups_removed_mapped.bam,macs2_ShiftExtend/22_19E8_GCTACGCT-AAGGAGTA_L00M_peaks.narrowPeak,narrow
X17E3,Day10,M,6,R,bam_files/23_17E3_GCTACGCT-CTAAGCCT_L00M_MTdups_removed_mapped.bam,macs2_ShiftExtend/23_17E3_GCTACGCT-CTAAGCCT_L00M_peaks.narrowPeak,narrow
X17E7,Day10,F,6,R,bam_files/24_17E7_GCTACGCT-CTCTCTAT_L00M_MTdups_removed_mapped.bam,macs2_ShiftExtend/24_17E7_GCTACGCT-CTCTCTAT_L00M_peaks.narrowPeak,narrow
X40E8,Day0,M,6,R,bam_files/25_40E8_CGAGGCTG-AAGGAGTA_L00M_MTdups_removed_mapped.bam,macs2_ShiftExtend/25_40E8_CGAGGCTG-AAGGAGTA_L00M_peaks.narrowPeak,narrow
X40E7,Day0,F,6,L,bam_files/26_40E7_CGAGGCTG-CTAAGCCT_L00M_MTdups_removed_mapped.bam,macs2_ShiftExtend/26_40E7_CGAGGCTG-CTAAGCCT_L00M_peaks.narrowPeak,narrow
X31E5,Day10,M,7,R,bam_files/27_31E5_CGAGGCTG-CTCTCTAT_L00M_MTdups_removed_mapped.bam,macs2_ShiftExtend/27_31E5_CGAGGCTG-CTCTCTAT_L00M_peaks.narrowPeak,narrow
X31E3,Day10,F,7,L,bam_files/28_31E3_AAGAGGCA-AAGGAGTA_L00M_MTdups_removed_mapped.bam,macs2_ShiftExtend/28_31E3_AAGAGGCA-AAGGAGTA_L00M_peaks.narrowPeak,narrow
X39E3,Day0,M,7,R,bam_files/29_39E3_AAGAGGCA-CTAAGCCT_L00M_MTdups_removed_mapped.bam,macs2_ShiftExtend/29_39E3_AAGAGGCA-CTAAGCCT_L00M_peaks.narrowPeak,narrow
X39E2,Day0,F,7,R,bam_files/30_39E2_AAGAGGCA-CTCTCTAT_L00M_MTdups_removed_mapped.bam,macs2_ShiftExtend/30_39E2_AAGAGGCA-CTCTCTAT_L00M_peaks.narrowPeak,narrow
X20E2,Day10,F,8,R,bam_files/31_20E2_GTAGAGGA-AAGGAGTA_L00M_MTdups_removed_mapped.bam,macs2_ShiftExtend/31_20E2_GTAGAGGA-AAGGAGTA_L00M_peaks.narrowPeak,narrow
X20E7,Day10,M,8,R,bam_files/33_20E7_TCCTGAGC-TATCCTCT_L00M_MTdups_removed_mapped.bam,macs2_ShiftExtend/33_20E7_TCCTGAGC-TATCCTCT_L00M_peaks.narrowPeak,narrow