"","Sex","Trt","Consensus","Peak.caller","Reads","Replicate","bamRead","Side","Group"
"X27E11","M","Day10","TRUE","counts","14058968","1","bam_files/01_27E11_TAAGGCGA-GCGTAAGA_L00M_MTdups_removed_mapped.bam","R","Day10_M"
"X27E10","F","Day10","TRUE","counts","34174834","1","bam_files/02_27E10_TAAGGCGA-CTCTCTAT_L00M_MTdups_removed_mapped.bam","L","Day10_F"
"X30E5","M","Day0","TRUE","counts","28219066","1","bam_files/03_30E5_TAAGGCGA-TATCCTCT_L00M_MTdups_removed_mapped.bam","L","Day0_M"
"X30E8","F","Day0","TRUE","counts","19566587.5","1","bam_files/04_30E8_CGTACTAG-GCGTAAGA_L00M_MTdups_removed_mapped.bam","R","Day0_F"
"X35E8","M","Day10","TRUE","counts","16536267.5","2","bam_files/05_35E8_CGTACTAG-CTCTCTAT_L00M_MTdups_removed_mapped.bam","R","Day10_M"
"X35E1","F","Day10","TRUE","counts","20947547.5","2","bam_files/06_35E1_CGTACTAG-TATCCTCT_L00M_MTdups_removed_mapped.bam","L","Day10_F"
"X32E1","M","Day0","TRUE","counts","16599249","2","bam_files/07_32E1_AGGCAGAA-GCGTAAGA_L00M_MTdups_removed_mapped.bam","R","Day0_M"
"X32E8","F","Day0","TRUE","counts","19707122.5","2","bam_files/08_32E8_AGGCAGAA-CTCTCTAT_L00M_MTdups_removed_mapped.bam","R","Day0_F"
"X26E3","M","Day10","TRUE","counts","15531228.5","3","bam_files/09_26E3_AGGCAGAA-TATCCTCT_L00M_MTdups_removed_mapped.bam","L","Day10_M"
"X26E7","F","Day10","TRUE","counts","14209318","3","bam_files/10_26E7_TCCTGAGC-GCGTAAGA_L00M_MTdups_removed_mapped.bam","R","Day10_F"
"X11E7","M","Day0","TRUE","counts","14975873.5","3","bam_files/11_11E7_GGACTCCT-AGAGTAGA_L00M_MTdups_removed_mapped.bam","L","Day0_M"
"X11E8","F","Day0","TRUE","counts","19302216","3","bam_files/12_11E8_GGACTCCT-GTAAGGAG_L00M_MTdups_removed_mapped.bam","R","Day0_F"
"X07E3","M","Day10","TRUE","counts","9421211","4","bam_files/13B_07E3_TCCTGAGC-GTAAGGAG_L00M_MTdups_removed_mapped.bam","L","Day10_M"
"X07E5","F","Day10","TRUE","counts","12627217.5","4","bam_files/14_07E5_TAGGCATG-AGAGTAGA_L00M_MTdups_removed_mapped.bam","L","Day10_F"
"X04E4","M","Day0","TRUE","counts","19109947.5","8","bam_files/16_04E4_TAGGCATG-ACTGCATA_L00M_MTdups_removed_mapped.bam","L","Day0_M"
"X25E4","M","Day0","TRUE","counts","13803763","4","bam_files/17_25E4_CTCTCTAC-AGAGTAGA_L00M_MTdups_removed_mapped.bam","R","Day0_M"
"X25E2","F","Day0","TRUE","counts","15894554.5","4","bam_files/18_25E2_CTCTCTAC-GTAAGGAG_L00M_MTdups_removed_mapped.bam","R","Day0_F"
"X22E5","M","Day0","TRUE","counts","16382389","5","bam_files/19_22E5_CTCTCTAC-ACTGCATA_L00M_MTdups_removed_mapped.bam","R","Day0_M"
"X22E2","F","Day0","TRUE","counts","13224494","5","bam_files/20_22E2_CAGAGAGG-AGAGTAGA_L00M_MTdups_removed_mapped.bam","L","Day0_F"
"X19E1","M","Day10","TRUE","counts","18325991.5","5","bam_files/21_19E1_CAGAGAGG-GTAAGGAG_L00M_MTdups_removed_mapped.bam","L","Day10_M"
"X19E8","F","Day10","TRUE","counts","9683927","5","bam_files/22_19E8_GCTACGCT-AAGGAGTA_L00M_MTdups_removed_mapped.bam","L","Day10_F"
"X17E3","M","Day10","TRUE","counts","14372963.5","6","bam_files/23_17E3_GCTACGCT-CTAAGCCT_L00M_MTdups_removed_mapped.bam","R","Day10_M"
"X17E7","F","Day10","TRUE","counts","9524430.5","6","bam_files/24_17E7_GCTACGCT-CTCTCTAT_L00M_MTdups_removed_mapped.bam","R","Day10_F"
"X40E8","M","Day0","TRUE","counts","16679264","6","bam_files/25_40E8_CGAGGCTG-AAGGAGTA_L00M_MTdups_removed_mapped.bam","R","Day0_M"
"X40E7","F","Day0","TRUE","counts","14830871","6","bam_files/26_40E7_CGAGGCTG-CTAAGCCT_L00M_MTdups_removed_mapped.bam","L","Day0_F"
"X31E5","M","Day10","TRUE","counts","14377652.5","7","bam_files/27_31E5_CGAGGCTG-CTCTCTAT_L00M_MTdups_removed_mapped.bam","R","Day10_M"
"X31E3","F","Day10","TRUE","counts","19293766","7","bam_files/28_31E3_AAGAGGCA-AAGGAGTA_L00M_MTdups_removed_mapped.bam","L","Day10_F"
"X39E3","M","Day0","TRUE","counts","19167657.5","7","bam_files/29_39E3_AAGAGGCA-CTAAGCCT_L00M_MTdups_removed_mapped.bam","R","Day0_M"
"X39E2","F","Day0","TRUE","counts","14619793","7","bam_files/30_39E2_AAGAGGCA-CTCTCTAT_L00M_MTdups_removed_mapped.bam","R","Day0_F"
"X20E2","F","Day10","TRUE","counts","16091284.5","8","bam_files/31_20E2_GTAGAGGA-AAGGAGTA_L00M_MTdups_removed_mapped.bam","R","Day10_F"
"X20E7","M","Day10","TRUE","counts","13580948.5","8","bam_files/33_20E7_TCCTGAGC-TATCCTCT_L00M_MTdups_removed_mapped.bam","R","Day10_M"
